generation,fe,point_id,makespan,energy
0,50,1,288.0,10637.0
0,50,2,327.0,10630.5
1,180,1,271.0,10505.5
2,310,1,271.0,10505.5
2,310,2,319.0,10465.0
2,310,3,334.0,10068.5
3,440,1,271.0,10505.5
3,440,2,281.0,10016.5
3,440,3,288.0,9926.0
4,570,1,271.0,10505.5
4,570,2,274.0,9945.0
4,570,3,275.0,9848.5
5,700,1,241.0,9666.0
6,830,1,241.0,9666.0
6,830,2,252.0,9639.5
6,830,3,253.0,9574.0
7,960,1,230.0,9494.5
7,960,2,258.0,9479.0
8,1090,1,222.0,9541.0
8,1090,2,229.0,9433.0
8,1090,3,237.0,9415.0
8,1090,4,239.0,9289.0
9,1220,1,217.0,9277.5
10,1350,1,217.0,9277.5
10,1350,2,242.0,9251.0
11,1480,1,217.0,9277.5
11,1480,2,219.0,9212.0
12,1610,1,216.0,9339.0
12,1610,2,217.0,9277.5
12,1610,3,218.0,9251.0
12,1610,4,219.0,9212.0
12,1610,5,221.0,9194.5
13,1740,1,212.0,9107.5
14,1870,1,212.0,9107.5
15,2000,1,209.0,9155.5
15,2000,2,212.0,9107.5
15,2000,3,225.0,9060.0
16,2130,1,207.0,9135.5
16,2130,2,212.0,9107.5
16,2130,3,225.0,9060.0
17,2260,1,207.0,9135.5
17,2260,2,212.0,9107.5
17,2260,3,216.0,9011.5
18,2390,1,199.0,9087.5
18,2390,2,216.0,9011.5
19,2520,1,197.0,9074.5
19,2520,2,216.0,9011.5
20,2650,1,194.0,9054.5
20,2650,2,216.0,9011.5
21,2780,1,194.0,9054.5
21,2780,2,215.0,8998.5
22,2910,1,194.0,9054.5
22,2910,2,215.0,8998.5
23,3040,1,194.0,9054.5
23,3040,2,215.0,8998.5
24,3170,1,194.0,9054.5
24,3170,2,215.0,8998.5
25,3300,1,194.0,9054.5
25,3300,2,212.0,8985.0
26,3430,1,194.0,9054.5
26,3430,2,212.0,8985.0
27,3560,1,194.0,9054.5
27,3560,2,197.0,9016.5
27,3560,3,207.0,9003.5
27,3560,4,212.0,8985.0
28,3690,1,193.0,9154.5
28,3690,2,194.0,9003.0
28,3690,3,207.0,8947.5
29,3820,1,193.0,9154.5
29,3820,2,194.0,9003.0
29,3820,3,205.0,8987.5
29,3820,4,207.0,8947.5
30,3950,1,193.0,9154.5
30,3950,2,194.0,9003.0
30,3950,3,197.0,8987.5
30,3950,4,203.0,8922.0
31,4080,1,193.0,9103.0
31,4080,2,194.0,9003.0
31,4080,3,197.0,8987.5
31,4080,4,203.0,8922.0
32,4210,1,190.0,9081.0
32,4210,2,191.0,8981.0
32,4210,3,203.0,8922.0
33,4340,1,190.0,9081.0
33,4340,2,191.0,8952.0
33,4340,3,203.0,8922.0
34,4470,1,190.0,9081.0
34,4470,2,191.0,8952.0
34,4470,3,203.0,8922.0
34,4470,4,207.0,8900.0
35,4600,1,188.0,9068.0
35,4600,2,191.0,8952.0
35,4600,3,192.0,8906.0
35,4600,4,199.0,8900.0
36,4730,1,188.0,9068.0
36,4730,2,191.0,8952.0
36,4730,3,192.0,8906.0
36,4730,4,199.0,8900.0
37,4860,1,188.0,9068.0
37,4860,2,191.0,8952.0
37,4860,3,192.0,8906.0
37,4860,4,199.0,8900.0
38,4990,1,188.0,9068.0
38,4990,2,191.0,8952.0
38,4990,3,192.0,8906.0
38,4990,4,197.0,8899.5
39,5120,1,188.0,9068.0
39,5120,2,191.0,8947.0
39,5120,3,192.0,8906.0
39,5120,4,197.0,8899.5
40,5250,1,188.0,9068.0
40,5250,2,189.0,9030.0
40,5250,3,191.0,8947.0
40,5250,4,192.0,8906.0
40,5250,5,197.0,8899.5
41,5380,1,188.0,9068.0
41,5380,2,189.0,9030.0
41,5380,3,191.0,8895.0
41,5380,4,198.0,8867.5
42,5510,1,186.0,9012.0
42,5510,2,189.0,8895.0
42,5510,3,194.0,8889.5
42,5510,4,198.0,8867.5
43,5640,1,185.0,9058.0
43,5640,2,186.0,9012.0
43,5640,3,189.0,8895.0
43,5640,4,194.0,8889.5
43,5640,5,198.0,8867.5
44,5770,1,185.0,9058.0
44,5770,2,186.0,9012.0
44,5770,3,189.0,8895.0
44,5770,4,194.0,8889.5
44,5770,5,198.0,8867.5
45,5900,1,185.0,9058.0
45,5900,2,186.0,9011.5
45,5900,3,189.0,8895.0
45,5900,4,194.0,8888.5
45,5900,5,198.0,8867.5
46,6030,1,185.0,9058.0
46,6030,2,186.0,8925.0
46,6030,3,189.0,8895.0
46,6030,4,194.0,8888.5
46,6030,5,198.0,8867.5
47,6160,1,185.0,9058.0
47,6160,2,186.0,8925.0
47,6160,3,189.0,8895.0
47,6160,4,194.0,8888.5
47,6160,5,198.0,8867.5
48,6290,1,185.0,9058.0
48,6290,2,186.0,8925.0
48,6290,3,189.0,8895.0
48,6290,4,194.0,8888.5
48,6290,5,195.0,8856.5
49,6420,1,185.0,9058.0
49,6420,2,186.0,8925.0
49,6420,3,189.0,8895.0
49,6420,4,194.0,8888.5
49,6420,5,195.0,8856.5
50,6550,1,178.0,9009.5
50,6550,2,186.0,8925.0
50,6550,3,189.0,8895.0
50,6550,4,194.0,8888.5
50,6550,5,195.0,8856.5
51,6680,1,178.0,9009.5
51,6680,2,181.0,8975.5
51,6680,3,186.0,8877.0
51,6680,4,195.0,8856.5
52,6810,1,178.0,9009.5
52,6810,2,181.0,8975.5
52,6810,3,183.0,8870.5
52,6810,4,195.0,8856.5
53,6940,1,178.0,9009.5
53,6940,2,181.0,8975.5
53,6940,3,183.0,8870.5
53,6940,4,188.0,8864.5
53,6940,5,194.0,8849.0
53,6940,6,209.0,8840.5
54,7070,1,178.0,9009.5
54,7070,2,181.0,8975.5
54,7070,3,183.0,8870.5
54,7070,4,188.0,8864.5
54,7070,5,194.0,8849.0
54,7070,6,209.0,8840.5
55,7200,1,178.0,9009.5
55,7200,2,181.0,8975.5
55,7200,3,183.0,8870.5
55,7200,4,188.0,8864.5
55,7200,5,194.0,8849.0
55,7200,6,209.0,8840.5
56,7330,1,178.0,9009.5
56,7330,2,181.0,8892.5
56,7330,3,183.0,8870.5
56,7330,4,186.0,8851.5
56,7330,5,193.0,8835.5
57,7460,1,178.0,9009.5
57,7460,2,181.0,8892.5
57,7460,3,182.0,8857.0
57,7460,4,186.0,8851.5
57,7460,5,193.0,8835.5
58,7590,1,178.0,9009.5
58,7590,2,181.0,8892.5
58,7590,3,182.0,8857.0
58,7590,4,186.0,8851.5
58,7590,5,193.0,8835.5
59,7720,1,178.0,9009.5
59,7720,2,181.0,8892.5
59,7720,3,182.0,8857.0
59,7720,4,186.0,8851.5
59,7720,5,193.0,8835.5
60,7850,1,178.0,9009.5
60,7850,2,181.0,8892.5
60,7850,3,182.0,8857.0
60,7850,4,186.0,8851.5
60,7850,5,193.0,8835.5
61,7980,1,178.0,9009.5
61,7980,2,181.0,8840.5
61,7980,3,189.0,8813.0
62,8110,1,178.0,9009.5
62,8110,2,181.0,8840.5
62,8110,3,189.0,8813.0
63,8240,1,178.0,9009.5
63,8240,2,181.0,8840.5
63,8240,3,189.0,8813.0
64,8370,1,177.0,9003.0
64,8370,2,181.0,8840.5
64,8370,3,189.0,8813.0
65,8500,1,177.0,9003.0
65,8500,2,181.0,8840.5
65,8500,3,189.0,8813.0
66,8630,1,177.0,9003.0
66,8630,2,180.0,8886.0
66,8630,3,181.0,8840.0
66,8630,4,188.0,8808.0
67,8760,1,177.0,9003.0
67,8760,2,180.0,8886.0
67,8760,3,181.0,8840.0
67,8760,4,186.0,8834.0
67,8760,5,188.0,8808.0
68,8890,1,177.0,9003.0
68,8890,2,180.0,8886.0
68,8890,3,181.0,8840.0
68,8890,4,186.0,8833.5
68,8890,5,188.0,8808.0
69,9020,1,177.0,9003.0
69,9020,2,180.0,8886.0
69,9020,3,181.0,8840.0
69,9020,4,186.0,8833.5
69,9020,5,188.0,8808.0
70,9150,1,177.0,9003.0
70,9150,2,180.0,8886.0
70,9150,3,181.0,8836.5
70,9150,4,186.0,8833.5
70,9150,5,188.0,8808.0
71,9280,1,177.0,9003.0
71,9280,2,180.0,8886.0
71,9280,3,181.0,8836.5
71,9280,4,183.0,8831.5
71,9280,5,187.0,8801.5
72,9410,1,177.0,9003.0
72,9410,2,180.0,8886.0
72,9410,3,181.0,8836.5
72,9410,4,183.0,8831.5
72,9410,5,187.0,8801.5
73,9540,1,177.0,9003.0
73,9540,2,180.0,8886.0
73,9540,3,181.0,8836.5
73,9540,4,183.0,8831.5
73,9540,5,187.0,8801.5
74,9670,1,177.0,9003.0
74,9670,2,180.0,8886.0
74,9670,3,181.0,8836.5
74,9670,4,183.0,8831.5
74,9670,5,187.0,8801.5
75,9800,1,177.0,9003.0
75,9800,2,180.0,8884.5
75,9800,3,181.0,8836.5
75,9800,4,183.0,8831.5
75,9800,5,187.0,8801.5
76,9930,1,177.0,9003.0
76,9930,2,179.0,8843.5
76,9930,3,181.0,8836.5
76,9930,4,183.0,8831.5
76,9930,5,185.0,8788.0
77,10060,1,176.0,9000.0
77,10060,2,179.0,8843.5
77,10060,3,181.0,8836.5
77,10060,4,183.0,8831.5
77,10060,5,185.0,8788.0
78,10190,1,176.0,9000.0
78,10190,2,179.0,8843.5
78,10190,3,181.0,8836.5
78,10190,4,183.0,8831.5
78,10190,5,185.0,8788.0
79,10320,1,175.0,8952.5
79,10320,2,179.0,8843.5
79,10320,3,181.0,8818.0
79,10320,4,185.0,8788.0
80,10450,1,175.0,8952.5
80,10450,2,179.0,8843.5
80,10450,3,181.0,8818.0
80,10450,4,185.0,8786.0
81,10580,1,175.0,8952.5
81,10580,2,179.0,8843.5
81,10580,3,181.0,8818.0
81,10580,4,185.0,8786.0
82,10710,1,175.0,8952.5
82,10710,2,178.0,8799.0
82,10710,3,185.0,8786.0
83,10840,1,171.0,8965.0
83,10840,2,175.0,8952.5
83,10840,3,178.0,8799.0
83,10840,4,185.0,8786.0
84,10970,1,171.0,8965.0
84,10970,2,175.0,8952.5
84,10970,3,178.0,8799.0
84,10970,4,185.0,8786.0
85,11100,1,171.0,8965.0
85,11100,2,175.0,8952.5
85,11100,3,176.0,8823.0
85,11100,4,178.0,8799.0
85,11100,5,185.0,8786.0
86,11230,1,171.0,8965.0
86,11230,2,175.0,8952.5
86,11230,3,176.0,8823.0
86,11230,4,178.0,8799.0
86,11230,5,185.0,8786.0
87,11360,1,171.0,8965.0
87,11360,2,175.0,8952.5
87,11360,3,176.0,8823.0
87,11360,4,178.0,8799.0
87,11360,5,185.0,8786.0
88,11490,1,171.0,8965.0
88,11490,2,175.0,8952.5
88,11490,3,176.0,8823.0
88,11490,4,178.0,8799.0
88,11490,5,185.0,8786.0
89,11620,1,171.0,8965.0
89,11620,2,175.0,8952.5
89,11620,3,176.0,8823.0
89,11620,4,178.0,8799.0
89,11620,5,185.0,8786.0
90,11750,1,171.0,8964.5
90,11750,2,175.0,8952.5
90,11750,3,176.0,8823.0
90,11750,4,178.0,8796.5
90,11750,5,185.0,8786.0
91,11880,1,171.0,8964.5
91,11880,2,175.0,8952.5
91,11880,3,176.0,8823.0
91,11880,4,178.0,8796.5
91,11880,5,185.0,8786.0
92,12010,1,171.0,8964.5
92,12010,2,174.0,8944.0
92,12010,3,176.0,8823.0
92,12010,4,178.0,8796.5
92,12010,5,185.0,8786.0
93,12140,1,171.0,8964.5
93,12140,2,174.0,8944.0
93,12140,3,176.0,8823.0
93,12140,4,178.0,8796.5
93,12140,5,180.0,8793.0
93,12140,6,182.0,8764.5
94,12270,1,171.0,8964.5
94,12270,2,174.0,8944.0
94,12270,3,176.0,8823.0
94,12270,4,178.0,8796.5
94,12270,5,180.0,8793.0
94,12270,6,182.0,8764.5
95,12400,1,171.0,8964.5
95,12400,2,174.0,8944.0
95,12400,3,176.0,8823.0
95,12400,4,178.0,8796.5
95,12400,5,180.0,8793.0
95,12400,6,182.0,8764.5
96,12530,1,171.0,8964.5
96,12530,2,174.0,8944.0
96,12530,3,176.0,8823.0
96,12530,4,178.0,8796.5
96,12530,5,180.0,8793.0
96,12530,6,182.0,8764.5
97,12660,1,170.0,8956.5
97,12660,2,174.0,8859.0
97,12660,3,176.0,8823.0
97,12660,4,178.0,8796.5
97,12660,5,180.0,8793.0
97,12660,6,182.0,8764.5
98,12790,1,170.0,8956.5
98,12790,2,174.0,8859.0
98,12790,3,175.0,8817.5
98,12790,4,178.0,8796.5
98,12790,5,180.0,8793.0
98,12790,6,182.0,8764.5
99,12920,1,170.0,8956.5
99,12920,2,174.0,8859.0
99,12920,3,175.0,8817.5
99,12920,4,178.0,8796.5
99,12920,5,180.0,8793.0
99,12920,6,182.0,8764.5
100,13050,1,170.0,8956.5
100,13050,2,174.0,8859.0
100,13050,3,175.0,8817.5
100,13050,4,178.0,8796.5
100,13050,5,180.0,8757.0
101,13180,1,170.0,8956.5
101,13180,2,174.0,8859.0
101,13180,3,175.0,8817.5
101,13180,4,177.0,8790.5
101,13180,5,180.0,8757.0
101,13180,6,188.0,8756.5
102,13310,1,170.0,8956.5
102,13310,2,174.0,8859.0
102,13310,3,175.0,8817.5
102,13310,4,177.0,8790.5
102,13310,5,180.0,8757.0
102,13310,6,188.0,8756.5
103,13440,1,170.0,8956.5
103,13440,2,174.0,8859.0
103,13440,3,175.0,8817.5
103,13440,4,177.0,8790.5
103,13440,5,180.0,8757.0
103,13440,6,188.0,8756.5
104,13570,1,170.0,8956.5
104,13570,2,174.0,8859.0
104,13570,3,175.0,8817.5
104,13570,4,177.0,8790.5
104,13570,5,180.0,8757.0
104,13570,6,188.0,8756.5
105,13700,1,170.0,8956.5
105,13700,2,174.0,8859.0
105,13700,3,175.0,8817.5
105,13700,4,177.0,8790.5
105,13700,5,180.0,8757.0
105,13700,6,188.0,8756.5
106,13830,1,170.0,8956.5
106,13830,2,174.0,8859.0
106,13830,3,175.0,8817.5
106,13830,4,177.0,8790.5
106,13830,5,180.0,8757.0
106,13830,6,188.0,8756.5
107,13960,1,170.0,8956.5
107,13960,2,174.0,8859.0
107,13960,3,175.0,8817.5
107,13960,4,177.0,8790.5
107,13960,5,180.0,8757.0
107,13960,6,188.0,8756.5
108,14090,1,170.0,8956.5
108,14090,2,174.0,8859.0
108,14090,3,175.0,8817.5
108,14090,4,177.0,8790.5
108,14090,5,180.0,8757.0
108,14090,6,188.0,8756.5
109,14220,1,170.0,8956.5
109,14220,2,174.0,8859.0
109,14220,3,175.0,8815.0
109,14220,4,177.0,8790.5
109,14220,5,180.0,8757.0
109,14220,6,185.0,8738.5
109,14220,7,191.0,8720.5
110,14350,1,170.0,8956.5
110,14350,2,174.0,8859.0
110,14350,3,175.0,8815.0
110,14350,4,177.0,8790.5
110,14350,5,180.0,8757.0
110,14350,6,185.0,8738.5
110,14350,7,191.0,8720.5
111,14480,1,170.0,8956.5
111,14480,2,174.0,8859.0
111,14480,3,175.0,8815.0
111,14480,4,177.0,8790.5
111,14480,5,180.0,8757.0
111,14480,6,185.0,8738.5
111,14480,7,191.0,8720.5
112,14610,1,170.0,8956.5
112,14610,2,174.0,8859.0
112,14610,3,175.0,8815.0
112,14610,4,177.0,8790.5
112,14610,5,180.0,8757.0
112,14610,6,185.0,8738.5
112,14610,7,191.0,8720.5
113,14740,1,170.0,8956.5
113,14740,2,174.0,8859.0
113,14740,3,175.0,8815.0
113,14740,4,177.0,8790.5
113,14740,5,180.0,8757.0
113,14740,6,185.0,8738.5
113,14740,7,191.0,8720.5
114,14870,1,170.0,8956.5
114,14870,2,174.0,8859.0
114,14870,3,175.0,8815.0
114,14870,4,177.0,8790.5
114,14870,5,180.0,8757.0
114,14870,6,185.0,8738.5
114,14870,7,191.0,8720.5
115,15000,1,170.0,8956.5
115,15000,2,174.0,8859.0
115,15000,3,175.0,8815.0
115,15000,4,177.0,8790.5
115,15000,5,180.0,8757.0
115,15000,6,185.0,8738.5
115,15000,7,191.0,8720.5
116,15130,1,170.0,8956.5
116,15130,2,174.0,8859.0
116,15130,3,175.0,8815.0
116,15130,4,177.0,8790.5
116,15130,5,180.0,8757.0
116,15130,6,185.0,8738.5
116,15130,7,188.0,8702.5
117,15260,1,170.0,8956.5
117,15260,2,174.0,8859.0
117,15260,3,175.0,8815.0
117,15260,4,177.0,8790.5
117,15260,5,180.0,8757.0
117,15260,6,185.0,8738.5
117,15260,7,188.0,8702.5
118,15390,1,170.0,8956.5
118,15390,2,174.0,8859.0
118,15390,3,175.0,8815.0
118,15390,4,177.0,8790.5
118,15390,5,180.0,8757.0
118,15390,6,183.0,8726.5
118,15390,7,188.0,8702.5
119,15520,1,170.0,8956.5
119,15520,2,174.0,8859.0
119,15520,3,175.0,8815.0
119,15520,4,177.0,8790.5
119,15520,5,179.0,8786.0
119,15520,6,180.0,8757.0
119,15520,7,183.0,8726.5
119,15520,8,188.0,8702.5
120,15650,1,170.0,8956.5
120,15650,2,174.0,8859.0
120,15650,3,175.0,8815.0
120,15650,4,177.0,8790.5
120,15650,5,179.0,8786.0
120,15650,6,180.0,8757.0
120,15650,7,183.0,8726.5
120,15650,8,188.0,8702.5
121,15780,1,170.0,8956.5
121,15780,2,174.0,8859.0
121,15780,3,175.0,8815.0
121,15780,4,177.0,8790.5
121,15780,5,179.0,8786.0
121,15780,6,180.0,8757.0
121,15780,7,183.0,8726.5
121,15780,8,188.0,8702.5
122,15910,1,170.0,8956.5
122,15910,2,174.0,8859.0
122,15910,3,175.0,8815.0
122,15910,4,177.0,8790.5
122,15910,5,179.0,8750.0
122,15910,6,183.0,8726.5
122,15910,7,188.0,8702.5
123,16040,1,170.0,8956.5
123,16040,2,174.0,8859.0
123,16040,3,175.0,8815.0
123,16040,4,177.0,8790.5
123,16040,5,179.0,8750.0
123,16040,6,183.0,8726.5
123,16040,7,188.0,8702.5
124,16170,1,170.0,8956.5
124,16170,2,174.0,8859.0
124,16170,3,175.0,8815.0
124,16170,4,177.0,8790.5
124,16170,5,179.0,8750.0
124,16170,6,183.0,8726.5
124,16170,7,188.0,8702.5
125,16300,1,170.0,8956.5
125,16300,2,174.0,8859.0
125,16300,3,175.0,8815.0
125,16300,4,177.0,8790.5
125,16300,5,178.0,8780.5
125,16300,6,179.0,8750.0
125,16300,7,183.0,8726.5
125,16300,8,188.0,8702.5
126,16430,1,170.0,8956.5
126,16430,2,174.0,8859.0
126,16430,3,175.0,8815.0
126,16430,4,177.0,8790.5
126,16430,5,178.0,8780.5
126,16430,6,179.0,8750.0
126,16430,7,183.0,8726.5
126,16430,8,188.0,8702.5
127,16560,1,170.0,8956.5
127,16560,2,174.0,8859.0
127,16560,3,175.0,8815.0
127,16560,4,177.0,8790.5
127,16560,5,178.0,8780.5
127,16560,6,179.0,8750.0
127,16560,7,183.0,8726.5
127,16560,8,188.0,8702.5
128,16690,1,170.0,8956.5
128,16690,2,174.0,8859.0
128,16690,3,175.0,8815.0
128,16690,4,177.0,8790.5
128,16690,5,178.0,8780.5
128,16690,6,179.0,8750.0
128,16690,7,183.0,8726.5
128,16690,8,188.0,8702.5
129,16820,1,170.0,8956.5
129,16820,2,173.0,8810.0
129,16820,3,177.0,8790.5
129,16820,4,178.0,8780.5
129,16820,5,179.0,8750.0
129,16820,6,183.0,8726.5
129,16820,7,188.0,8702.5
130,16950,1,170.0,8956.5
130,16950,2,173.0,8810.0
130,16950,3,174.0,8775.0
130,16950,4,179.0,8750.0
130,16950,5,183.0,8726.5
130,16950,6,188.0,8702.5
131,17080,1,170.0,8956.5
131,17080,2,173.0,8810.0
131,17080,3,174.0,8775.0
131,17080,4,179.0,8750.0
131,17080,5,183.0,8726.5
131,17080,6,188.0,8702.5
132,17210,1,170.0,8956.5
132,17210,2,173.0,8810.0
132,17210,3,174.0,8775.0
132,17210,4,179.0,8750.0
132,17210,5,183.0,8726.5
132,17210,6,188.0,8702.5
133,17340,1,170.0,8956.5
133,17340,2,173.0,8810.0
133,17340,3,174.0,8775.0
133,17340,4,179.0,8750.0
133,17340,5,183.0,8726.5
133,17340,6,188.0,8702.5
134,17470,1,170.0,8956.5
134,17470,2,173.0,8810.0
134,17470,3,174.0,8775.0
134,17470,4,179.0,8750.0
134,17470,5,183.0,8726.5
134,17470,6,188.0,8702.5
135,17600,1,170.0,8956.5
135,17600,2,173.0,8810.0
135,17600,3,174.0,8775.0
135,17600,4,179.0,8750.0
135,17600,5,183.0,8726.5
135,17600,6,188.0,8702.5
136,17730,1,170.0,8956.5
136,17730,2,173.0,8810.0
136,17730,3,174.0,8775.0
136,17730,4,178.0,8742.5
136,17730,5,183.0,8726.5
136,17730,6,188.0,8702.5
137,17860,1,170.0,8956.5
137,17860,2,173.0,8810.0
137,17860,3,174.0,8775.0
137,17860,4,178.0,8742.5
137,17860,5,183.0,8726.5
137,17860,6,188.0,8702.5
138,17990,1,170.0,8956.5
138,17990,2,173.0,8810.0
138,17990,3,174.0,8775.0
138,17990,4,177.0,8737.0
138,17990,5,181.0,8714.5
138,17990,6,188.0,8702.5
139,18120,1,170.0,8956.5
139,18120,2,172.0,8799.0
139,18120,3,174.0,8775.0
139,18120,4,177.0,8737.0
139,18120,5,181.0,8714.5
139,18120,6,188.0,8702.5
140,18250,1,170.0,8956.5
140,18250,2,172.0,8799.0
140,18250,3,174.0,8775.0
140,18250,4,177.0,8737.0
140,18250,5,179.0,8702.5
140,18250,6,184.0,8678.5
141,18380,1,170.0,8956.5
141,18380,2,172.0,8799.0
141,18380,3,174.0,8775.0
141,18380,4,177.0,8737.0
141,18380,5,179.0,8702.5
141,18380,6,183.0,8671.0
142,18510,1,170.0,8956.5
142,18510,2,172.0,8799.0
142,18510,3,174.0,8775.0
142,18510,4,177.0,8737.0
142,18510,5,179.0,8702.5
142,18510,6,183.0,8671.0
143,18640,1,170.0,8956.5
143,18640,2,172.0,8799.0
143,18640,3,174.0,8775.0
143,18640,4,177.0,8737.0
143,18640,5,179.0,8702.5
143,18640,6,183.0,8671.0
144,18770,1,170.0,8956.5
144,18770,2,171.0,8791.0
144,18770,3,174.0,8775.0
144,18770,4,177.0,8737.0
144,18770,5,179.0,8702.5
144,18770,6,183.0,8671.0
145,18900,1,170.0,8956.5
145,18900,2,171.0,8791.0
145,18900,3,174.0,8775.0
145,18900,4,177.0,8737.0
145,18900,5,179.0,8702.5
145,18900,6,183.0,8671.0
146,19030,1,170.0,8956.5
146,19030,2,171.0,8791.0
146,19030,3,174.0,8775.0
146,19030,4,177.0,8737.0
146,19030,5,179.0,8702.5
146,19030,6,183.0,8671.0
147,19160,1,170.0,8956.5
147,19160,2,171.0,8791.0
147,19160,3,174.0,8775.0
147,19160,4,176.0,8720.5
147,19160,5,179.0,8702.5
147,19160,6,181.0,8658.5
148,19290,1,166.0,8930.0
148,19290,2,171.0,8791.0
148,19290,3,174.0,8775.0
148,19290,4,176.0,8720.5
148,19290,5,179.0,8702.5
148,19290,6,181.0,8658.5
149,19420,1,166.0,8930.0
149,19420,2,171.0,8791.0
149,19420,3,174.0,8775.0
149,19420,4,176.0,8718.5
149,19420,5,179.0,8702.5
149,19420,6,181.0,8658.5
150,19550,1,166.0,8930.0
150,19550,2,171.0,8791.0
150,19550,3,174.0,8775.0
150,19550,4,176.0,8718.5
150,19550,5,179.0,8702.5
150,19550,6,181.0,8658.5
151,19680,1,166.0,8930.0
151,19680,2,171.0,8791.0
151,19680,3,174.0,8775.0
151,19680,4,176.0,8718.5
151,19680,5,179.0,8702.5
151,19680,6,181.0,8658.5
152,19810,1,166.0,8930.0
152,19810,2,171.0,8791.0
152,19810,3,174.0,8775.0
152,19810,4,176.0,8718.5
152,19810,5,179.0,8702.5
152,19810,6,181.0,8658.5
153,19940,1,166.0,8930.0
153,19940,2,171.0,8791.0
153,19940,3,174.0,8772.5
153,19940,4,176.0,8718.5
153,19940,5,179.0,8702.5
153,19940,6,181.0,8658.5
154,20070,1,166.0,8930.0
154,20070,2,171.0,8791.0
154,20070,3,172.0,8758.5
154,20070,4,176.0,8718.5
154,20070,5,179.0,8702.5
154,20070,6,181.0,8656.5
